aX,aY,aZ,gX,gY,gZ
-0.596,-2.199,0.211,14.343,-71.838,-183.228
-0.607,-2.296,0.140,45.410,31.982,-171.326
-0.297,-2.367,0.090,84.473,57.251,-202.270
0.287,-2.283,0.303,90.637,45.471,-206.726
0.534,-2.184,0.375,82.153,52.429,-145.691
0.719,-1.929,0.402,73.853,67.444,-79.102
0.273,-1.598,0.516,39.490,53.589,64.453
-0.027,-1.448,0.567,-15.442,6.714,126.099
-0.345,-1.179,0.603,-38.696,-12.878,127.258
-0.388,-1.088,0.581,-61.890,-33.447,114.136
-0.378,-1.059,0.512,-60.608,-33.813,107.849
-0.332,-1.033,0.522,-45.288,-19.897,107.910
-0.178,-0.916,0.585,-39.734,-8.606,114.868
-0.105,-0.862,0.587,-45.593,9.277,131.897
0.054,-0.652,0.587,-54.749,11.597,141.052
0.114,-0.512,0.600,-76.965,6.897,160.706
0.123,-0.320,0.620,-84.412,6.348,169.739
0.093,-0.293,0.635,-78.125,9.094,177.612
0.098,-0.144,0.758,-66.223,12.207,174.255
0.133,-0.024,0.826,-40.527,24.353,158.203
0.303,0.143,0.906,-35.034,26.917,150.940
0.370,0.212,0.911,-39.124,14.709,153.015
0.367,0.439,0.874,-36.438,9.766,156.982
0.330,0.557,0.855,-6.897,10.803,145.874
0.308,0.681,0.939,8.606,7.446,128.235
0.308,0.702,1.026,15.015,-2.625,106.201
0.342,0.675,1.188,-4.333,-25.696,62.805
0.329,0.656,1.212,-20.325,-29.297,48.645
0.325,0.609,1.189,-30.273,-6.775,38.635
0.348,0.507,1.095,-19.775,8.423,37.598
0.360,0.482,1.041,1.526,24.658,40.222
0.422,0.394,0.945,4.883,23.315,40.588
0.457,0.342,0.922,10.010,-1.892,42.603
0.483,0.257,0.906,13.733,-19.531,42.480
0.475,0.208,0.929,17.578,-38.269,24.841
0.482,0.174,0.998,13.306,-36.438,11.841
0.517,0.136,0.984,-2.563,-18.616,-1.404
0.573,0.076,0.909,-2.319,-10.986,-0.122
0.573,0.075,0.893,15.259,-6.226,6.409
0.535,0.080,0.917,22.217,-7.019,7.874
0.512,0.074,0.943,21.973,-12.329,4.700
0.472,0.073,0.993,15.869,-14.465,0.854
0.466,0.058,0.990,2.930,-11.108,-4.822
0.482,-0.002,0.955,0.000,-7.812,-4.517
0.489,-0.019,0.944,0.671,-5.493,0.000
0.490,-0.032,0.938,1.221,-5.249,2.686
0.484,-0.037,0.936,-2.197,-4.578,9.399
0.442,-0.027,0.920,-4.517,-3.357,12.451
0.413,-0.023,0.914,-6.104,0.488,15.137
0.378,-0.023,0.908,-6.165,1.038,13.611
0.382,-0.030,0.904,-7.263,-1.526,8.301
0.406,-0.057,0.907,-8.240,-3.479,7.507
0.407,-0.054,0.909,-9.155,-4.333,7.385
0.390,-0.023,0.892,-8.484,-1.282,7.385
0.385,-0.023,0.896,-5.310,0.793,6.836
0.392,-0.033,0.951,3.113,0.549,2.380
0.406,-0.044,0.971,4.150,-1.282,-0.244
0.436,-0.068,0.983,-0.488,-4.028,-2.869
0.441,-0.066,0.978,-2.808,-3.052,-1.831
0.437,-0.057,0.967,-3.113,2.502,3.113
0.417,-0.040,0.938,-1.160,4.456,4.211
0.409,-0.042,0.931,4.883,1.099,2.197
0.408,-0.059,0.963,6.287,-2.991,0.488
0.409,-0.064,0.980,-0.183,-6.897,0.549
0.395,-0.054,0.957,-4.395,-4.578,2.380
0.361,-0.020,0.906,-3.784,4.333,6.226
0.350,0.000,0.893,-0.916,7.019,6.409
0.349,0.009,0.887,1.648,3.845,1.709
0.365,0.005,0.882,1.465,0.305,-0.854
0.377,-0.001,0.887,0.488,-2.808,-3.235
0.406,-0.020,0.900,-1.038,-2.136,-2.808
0.413,-0.028,0.903,-4.395,0.854,-0.305
0.416,-0.009,0.908,-6.165,3.174,-0.549
0.422,-0.000,0.898,-9.583,8.118,-3.113
0.429,-0.006,0.876,-9.155,9.338,-3.662
0.432,-0.014,0.875,-3.662,8.301,-3.113
0.438,-0.013,0.894,-0.610,6.287,-2.502
0.433,-0.006,0.906,1.526,3.235,-1.160
0.423,0.001,0.918,1.099,3.418,-1.526
0.423,-0.004,0.920,-0.305,5.249,-4.028
0.432,0.002,0.923,-1.099,5.981,-4.272
0.431,0.011,0.918,-3.174,7.019,-2.258
0.430,0.013,0.906,-2.563,6.958,-1.953
0.431,0.011,0.914,1.404,4.883,-3.906
0.431,0.012,0.935,2.625,4.456,-4.883
0.427,0.022,0.932,3.784,6.226,-6.470
0.418,0.052,0.924,4.395,7.263,-7.080
0.419,0.060,0.934,4.211,4.639,-7.874
0.438,0.061,0.950,2.563,1.160,-7.324
0.443,0.073,0.958,2.258,-4.456,-4.150
0.445,0.094,0.983,3.967,-4.944,-4.150
0.449,0.095,0.991,8.179,-4.211,-8.423
0.472,0.110,1.007,10.559,-4.089,-10.193
0.481,0.135,1.034,12.329,-5.249,-10.864
0.492,0.244,1.070,10.864,-9.460,-12.817
0.503,0.298,1.066,11.536,-11.230,-14.954
0.518,0.349,1.068,23.193,-16.663,-20.935
0.561,0.462,1.114,31.128,-20.813,-25.208
0.572,0.528,1.149,45.959,-28.870,-37.781
0.550,0.691,1.189,52.734,-29.907,-46.753
0.504,0.771,1.196,73.730,-26.428,-72.449
0.406,0.993,1.287,87.463,-22.705,-85.266
0.385,1.121,1.328,103.271,-0.427,-98.145
0.263,1.143,1.178,103.271,15.930,-101.440
0.135,1.076,1.030,99.670,20.996,-107.544
-0.170,0.957,0.828,98.206,9.705,-110.107
-0.342,0.823,0.731,80.261,-13.794,-128.174
-0.605,0.328,0.492,65.063,-26.245,-144.348
-0.694,-0.025,0.361,44.189,-56.274,-192.505
-0.712,-0.972,0.207,41.687,-72.510,-219.116
-0.692,-1.510,0.209,39.185,-91.736,-242.920
-0.629,-2.468,0.296,38.086,-81.360,-238.525
-0.480,-2.831,0.368,52.246,-16.907,-227.417
0.201,-3.224,0.498,62.988,16.357,-219.849
0.550,-3.283,0.499,67.749,63.782,-151.611
0.825,-3.068,0.318,55.298,93.933,-78.247
0.727,-2.763,0.227,-2.625,140.137,129.150
-0.030,-1.963,0.123,-40.466,137.146,217.285
-0.428,-1.637,0.041,-94.727,92.407,254.639

0.174,0.912,1.349,-10.620,-27.832,75.500
0.167,0.667,1.273,-28.381,-26.917,52.307
0.143,0.559,1.210,-26.917,-4.822,41.748
0.135,0.387,1.106,-18.433,11.597,33.447
0.159,0.324,1.088,-9.338,30.945,14.404
0.260,0.234,1.041,-16.357,30.640,7.202
0.310,0.176,0.986,-34.729,23.193,3.662
0.368,0.061,0.870,-36.926,22.827,7.507
0.394,0.021,0.842,-27.039,25.269,15.625
0.427,0.081,0.827,-16.235,23.315,17.212
0.425,0.130,0.839,3.357,8.789,21.362
0.395,0.172,0.902,6.042,-1.404,21.729
0.375,0.203,0.938,0.061,-13.367,7.935
0.415,0.190,0.948,-2.136,-11.902,-4.517
0.493,0.127,0.937,4.944,-5.371,-22.278
0.635,0.019,0.955,11.658,-5.554,-23.621
0.660,-0.006,0.966,19.409,-6.836,-17.700
0.663,-0.060,0.961,20.935,-4.333,-14.038
0.646,-0.081,0.963,20.020,1.404,-7.263
0.573,-0.059,0.952,16.113,1.648,-3.784
0.528,-0.040,0.928,10.925,-1.221,0.244
0.462,-0.047,0.922,13.550,-2.930,-1.648
0.444,-0.062,0.954,17.273,-6.592,-7.141
0.434,-0.103,1.022,13.855,-8.545,-7.080
0.428,-0.111,1.032,2.747,-8.118,1.282
0.391,-0.094,1.010,-0.916,-4.517,5.615
0.380,-0.079,0.986,-1.770,2.869,5.920
0.387,-0.063,0.948,-0.793,3.845,4.211
0.396,-0.066,0.934,-3.113,1.526,2.930
0.410,-0.068,0.893,-4.578,-0.122,3.479
0.404,-0.060,0.876,-0.732,-0.366,5.432
0.388,-0.063,0.880,1.953,-0.061,4.578
0.399,-0.071,0.889,0.793,-4.761,0.793
0.400,-0.063,0.894,0.549,-7.263,1.404
0.380,-0.052,0.893,5.737,-3.845,2.625
0.373,-0.076,0.906,7.568,-2.380,0.061
0.387,-0.091,0.919,4.517,-6.775,-3.296
0.376,-0.065,0.926,2.930,-6.470,-1.099
0.359,-0.054,0.918,4.456,3.052,-0.183
0.376,-0.090,0.907,4.700,4.150,-3.418
0.388,-0.098,0.908,0.977,-3.601,-5.188
0.363,-0.068,0.913,0.671,-3.479,-3.174
0.340,-0.048,0.916,4.456,5.127,-3.296
0.343,-0.061,0.915,5.310,6.836,-6.653
0.368,-0.082,0.914,2.197,1.831,-11.536
0.420,-0.109,0.926,0.488,0.061,-10.620
0.440,-0.115,0.934,-2.075,1.343,-5.554
0.454,-0.109,0.935,-2.563,2.258,-3.418
0.453,-0.105,0.933,-0.916,3.296,-1.160
0.461,-0.109,0.928,-1.404,2.808,-0.671
0.465,-0.108,0.920,-4.578,-0.610,2.319
0.442,-0.083,0.901,-3.845,-0.977,4.456
0.420,-0.065,0.896,1.648,2.258,5.493
0.396,-0.065,0.893,3.113,2.136,3.845
0.400,-0.081,0.893,0.122,-4.944,1.099
0.401,-0.093,0.902,-0.977,-7.202,1.587
0.392,-0.091,0.917,0.610,-2.808,4.028
0.371,-0.082,0.930,0.244,0.000,4.761
0.363,-0.075,0.922,-0.610,1.099,4.761
0.362,-0.072,0.908,-0.427,1.038,2.380
0.370,-0.075,0.905,-0.244,0.977,0.610
0.376,-0.075,0.902,-0.732,0.000,-1.099
0.380,-0.076,0.893,-0.610,-0.488,-1.343
0.383,-0.079,0.893,0.305,-1.038,-1.587
0.390,-0.083,0.899,0.549,-1.343,-1.526
0.394,-0.085,0.903,-0.061,-1.465,-1.465
0.402,-0.088,0.914,-0.244,-0.854,-0.977
0.404,-0.087,0.918,-0.549,0.793,0.061
0.405,-0.084,0.916,-1.099,1.221,-0.183
0.410,-0.086,0.912,-1.282,0.732,-0.610
0.410,-0.086,0.915,-0.854,0.549,-0.183
0.407,-0.083,0.918,-1.221,0.427,0.854
0.403,-0.072,0.912,-1.770,0.244,1.160
0.401,-0.067,0.905,-0.916,1.038,1.038
0.394,-0.068,0.906,0.183,2.014,0.183
0.397,-0.073,0.910,-0.366,1.465,-1.282
0.409,-0.083,0.907,-1.526,0.000,-0.916
0.411,-0.087,0.910,-1.282,-1.038,0.854
0.415,-0.092,0.919,-0.793,-0.732,1.892
0.412,-0.089,0.920,-0.671,-0.610,3.784
0.398,-0.080,0.918,-0.427,-0.366,4.089
0.393,-0.079,0.922,0.427,0.732,3.174
0.387,-0.073,0.922,0.183,0.977,2.441
0.385,-0.070,0.917,-0.122,1.343,0.977
0.398,-0.080,0.909,-0.366,0.977,0.183
0.405,-0.084,0.910,-2.075,-2.319,0.061
0.407,-0.084,0.914,-2.258,-2.930,0.671
0.408,-0.085,0.915,-0.977,0.183,1.709
0.405,-0.082,0.907,-0.549,1.221,2.197
0.402,-0.077,0.905,-0.183,-0.549,2.075
0.398,-0.076,0.912,0.244,-1.587,1.648
0.397,-0.077,0.920,0.366,-1.526,1.465
0.395,-0.077,0.927,-0.488,-0.977,1.831
0.391,-0.072,0.922,-1.526,0.122,1.892
0.387,-0.065,0.913,-1.160,0.244,1.404
0.389,-0.064,0.915,-1.221,-0.732,0.244
0.390,-0.062,0.909,-1.099,-0.488,-0.122
0.393,-0.065,0.906,-0.244,0.671,-0.427
0.400,-0.074,0.909,-0.366,0.122,-0.122
0.400,-0.074,0.912,-0.977,-1.221,1.282
0.395,-0.067,0.913,-0.793,-0.732,1.404
0.396,-0.066,0.915,-0.366,-0.305,0.793
0.402,-0.073,0.919,-0.305,-1.526,-0.427
0.404,-0.076,0.919,-0.671,-2.014,-0.427
0.406,-0.080,0.920,-0.488,-0.366,-0.122
0.404,-0.078,0.917,-0.977,0.122,0.183
0.399,-0.075,0.910,-2.136,-0.793,1.221
0.399,-0.073,0.907,-1.770,-0.549,1.282
0.395,-0.066,0.900,-0.610,1.038,1.587
0.388,-0.063,0.896,-0.061,1.282,1.770
0.391,-0.077,0.911,0.427,-0.854,0.061
0.398,-0.083,0.918,-0.610,-2.808,-0.366
0.392,-0.076,0.919,-1.526,-2.380,1.404
0.389,-0.073,0.916,-0.488,0.366,1.770
0.386,-0.065,0.911,0.244,1.404,0.977
0.382,-0.061,0.910,0.122,-0.366,0.366
0.382,-0.064,0.914,0.916,-1.648,-1.282
0.393,-0.077,0.927,0.122,-1.648,-0.977
0.392,-0.073,0.922,-2.380,-1.221,1.038

0.596,0.770,1.393,14.832,-29.419,-4.333
0.514,0.883,1.487,31.311,-49.255,-7.629
0.323,1.170,1.659,39.978,-51.880,-16.479
0.199,1.263,1.658,58.838,-33.386,-45.715
0.165,1.199,1.584,74.219,-7.751,-86.060
0.094,0.930,1.298,79.468,2.686,-109.436
0.058,0.756,1.103,95.947,20.874,-152.588
-0.041,0.492,0.789,107.727,23.804,-169.373
-0.130,0.362,0.677,124.817,16.785,-190.979
-0.320,-0.061,0.469,125.854,10.620,-201.111
-0.314,-0.385,0.375,100.891,-18.433,-205.261
-0.218,-0.972,0.229,76.355,-44.067,-185.303
-0.205,-1.207,0.155,39.429,-52.551,-130.188
-0.283,-1.624,0.053,35.706,-27.222,-112.000
-0.300,-1.792,0.011,50.476,39.673,-112.671
-0.047,-2.100,0.002,58.167,52.673,-127.808
0.178,-2.177,0.089,59.814,25.208,-147.400
0.615,-2.159,0.360,57.251,17.395,-132.446
0.708,-2.099,0.459,52.917,25.391,-96.863
0.520,-1.891,0.477,23.499,54.626,6.958
0.295,-1.743,0.434,-1.892,57.007,55.542
0.072,-1.596,0.377,-45.898,42.664,110.168
-0.244,-1.341,0.286,-58.167,30.884,114.380
-0.333,-1.235,0.255,-72.754,6.226,95.337
-0.320,-1.120,0.219,-79.407,-5.859,86.670
-0.264,-1.056,0.235,-97.168,-27.405,96.497
-0.201,-0.908,0.264,-105.896,-27.832,109.802
-0.162,-0.817,0.270,-111.755,-9.766,140.381
-0.065,-0.498,0.336,-107.483,-1.404,155.273
-0.042,-0.353,0.377,-91.125,0.488,174.194
-0.037,-0.182,0.483,-79.407,-8.118,175.049
-0.042,-0.121,0.576,-53.223,-31.555,159.668
-0.017,0.128,0.815,-42.419,-36.133,143.250
0.037,0.312,0.924,-22.095,-25.208,105.408
0.141,0.520,1.091,-13.550,-20.630,92.041
0.135,0.593,1.166,-1.526,-22.949,68.115
0.101,0.679,1.247,6.409,-22.522,49.683
0.126,0.686,1.291,33.325,-20.874,7.751
0.159,0.579,1.395,45.105,-22.827,-7.751
0.189,0.499,1.442,49.683,-24.536,-19.958
0.257,0.441,1.507,45.166,-21.118,-19.653
0.289,0.414,1.477,28.625,-3.235,-18.738
0.370,0.283,1.290,22.278,4.700,-19.531
0.409,0.192,1.196,19.592,7.141,-14.587
0.464,0.033,1.120,19.226,1.099,-9.094
0.464,-0.014,1.114,12.390,-16.357,-2.808
0.435,-0.097,1.087,8.423,-20.935,-2.502
0.425,-0.152,1.072,4.089,-19.409,-2.136
0.418,-0.226,1.027,2.380,-16.968,-0.854
0.407,-0.236,0.992,1.831,-12.207,3.235
0.366,-0.232,0.931,4.089,-8.728,4.150
0.350,-0.239,0.919,6.409,-6.165,4.150
0.323,-0.256,0.923,6.714,-7.690,4.944
0.305,-0.255,0.928,5.066,-9.155,5.737
0.286,-0.247,0.930,2.136,-7.019,6.104
0.254,-0.227,0.926,1.892,-4.211,5.249
0.250,-0.231,0.927,2.625,0.732,2.991
0.275,-0.245,0.944,1.099,1.526,3.113
0.288,-0.248,0.941,-5.737,1.038,6.287
0.290,-0.246,0.913,-6.836,1.709,7.019
0.288,-0.245,0.902,-1.709,4.822,5.554
0.289,-0.246,0.911,1.099,4.700,4.150
0.288,-0.251,0.927,0.854,0.916,3.296
0.284,-0.254,0.949,-0.977,-0.305,3.784
0.280,-0.250,0.952,-2.563,1.709,4.822
0.269,-0.237,0.947,-2.502,2.991,4.944
0.268,-0.232,0.943,-1.770,2.808,3.967
0.269,-0.223,0.948,-1.282,2.258,3.967
0.262,-0.220,0.950,-1.526,3.113,4.822
0.262,-0.227,0.938,-2.319,3.113,4.639
0.265,-0.225,0.938,-2.808,0.183,4.761
0.253,-0.208,0.945,-1.831,0.244,4.395
0.253,-0.210,0.942,-0.183,2.014,2.625
0.282,-0.238,0.934,0.549,1.526,-1.770
0.291,-0.245,0.937,-0.671,-1.709,-1.770
0.270,-0.240,0.953,0.610,-1.648,0.549
0.267,-0.245,0.958,1.648,1.404,0.610
0.278,-0.253,0.952,-0.183,1.953,-0.610
0.280,-0.254,0.947,-1.282,1.160,-0.610
0.280,-0.251,0.941,-1.831,3.052,-0.061
0.279,-0.249,0.935,-2.563,3.601,0.244
0.276,-0.243,0.931,-3.296,2.136,0.305
0.265,-0.234,0.934,-3.174,1.587,-0.061
0.264,-0.232,0.934,-3.357,2.075,-0.427
0.263,-0.220,0.929,-3.418,3.113,-0.183
0.264,-0.214,0.925,-3.296,5.249,-0.061
0.276,-0.214,0.925,-2.869,5.066,-0.488
0.283,-0.213,0.930,-2.502,3.235,-1.709
0.303,-0.222,0.929,-2.808,2.808,-1.892
0.309,-0.222,0.927,-3.418,3.357,-0.244
0.299,-0.214,0.920,-3.479,4.272,0.793
0.295,-0.215,0.917,-2.808,3.967,1.465
0.290,-0.215,0.924,-2.380,1.770,1.221
0.288,-0.217,0.931,-1.038,-0.610,0.366
0.284,-0.225,0.944,0.000,0.732,0.183
0.284,-0.228,0.948,-0.610,1.953,0.366
0.289,-0.234,0.940,-2.075,0.854,0.122
0.296,-0.239,0.932,-2.686,0.549,0.183
0.306,-0.237,0.917,-2.258,1.526,1.282
0.298,-0.227,0.913,-1.038,2.136,4.211
0.275,-0.212,0.913,0.000,1.465,3.723
0.272,-0.212,0.913,0.732,-2.014,-0.061
0.273,-0.215,0.916,1.770,-3.052,-1.160
0.274,-0.223,0.927,4.150,-0.854,-0.549
0.278,-0.232,0.949,3.174,-0.244,0.244
0.274,-0.229,0.953,0.183,-1.465,0.916
0.263,-0.219,0.957,0.122,-0.732,0.366
0.264,-0.221,0.953,-0.549,2.197,-1.587
0.285,-0.227,0.929,-1.831,2.197,-2.014
0.293,-0.224,0.917,-2.380,2.258,-1.160
0.299,-0.220,0.913,-1.465,2.808,-1.221
0.305,-0.223,0.917,-1.221,2.380,-1.648
0.306,-0.225,0.916,-2.441,-0.549,-0.732
0.299,-0.224,0.911,-1.892,0.061,0.427
0.294,-0.223,0.908,1.038,3.601,1.343
0.294,-0.222,0.913,1.343,2.686,1.160
0.291,-0.222,0.919,0.305,-1.770,0.671
0.280,-0.224,0.932,1.160,-1.343,0.244
0.281,-0.227,0.939,2.258,0.793,-0.732

0.119,-2.016,0.560,54.138,20.447,-107.666
0.140,-2.020,0.617,31.860,37.415,-63.782
0.114,-1.899,0.650,21.973,45.959,-39.917
0.059,-1.781,0.608,9.888,71.228,14.221
-0.133,-1.561,0.441,6.531,81.787,39.978
-0.192,-1.467,0.387,-12.024,71.411,78.918
-0.196,-1.326,0.350,-31.433,49.194,92.529
-0.196,-1.283,0.347,-67.322,6.226,110.596
-0.172,-1.112,0.382,-75.073,0.671,118.591
-0.129,-0.959,0.424,-72.998,20.447,142.944
-0.021,-0.669,0.516,-71.594,33.997,154.663
0.037,-0.548,0.561,-84.167,44.556,166.809
0.125,-0.302,0.608,-94.604,38.330,171.020
0.144,-0.145,0.621,-97.107,19.409,167.908
0.169,0.167,0.705,-81.787,11.353,156.433
0.178,0.238,0.783,-42.725,-12.695,127.686
0.201,0.339,1.016,-30.823,-27.832,114.075
0.223,0.404,1.146,-21.179,-38.818,88.867
0.318,0.524,1.307,-21.057,-31.982,80.200
0.339,0.549,1.298,-19.653,-11.963,73.792
0.312,0.521,1.164,-16.846,-5.798,70.618
0.277,0.493,1.085,-12.756,-4.578,66.528
0.201,0.432,1.013,3.174,-10.193,49.316
0.183,0.402,1.033,12.390,-13.428,35.522
0.182,0.352,1.058,15.564,-20.691,15.320
0.189,0.252,1.103,12.512,-24.597,16.846
0.155,0.232,1.110,8.484,-21.545,23.010
0.099,0.176,1.055,10.193,-13.611,18.127
0.112,0.128,1.023,19.958,-5.798,-1.099
0.202,0.016,1.025,23.132,-9.766,-10.254
0.255,-0.033,1.046,19.043,-20.569,-19.531
0.328,-0.094,1.046,14.893,-20.325,-20.020
0.342,-0.122,1.027,12.573,-5.798,-15.808
0.366,-0.176,0.991,11.169,1.160,-11.841
0.370,-0.183,0.973,3.296,1.404,-6.226
0.383,-0.196,0.944,1.770,-0.305,-7.446
0.395,-0.214,0.944,5.737,1.770,-10.254
0.406,-0.251,0.961,6.592,3.906,-7.935
0.399,-0.260,0.961,1.465,4.944,1.526
0.359,-0.247,0.950,-1.831,4.150,5.798
0.331,-0.234,0.946,-3.540,4.028,9.583
0.301,-0.226,0.944,-3.418,3.113,8.850
0.291,-0.220,0.939,-5.615,-1.770,7.141
0.247,-0.202,0.923,-4.456,-1.099,6.775
0.239,-0.207,0.921,0.854,5.005,4.822
0.250,-0.207,0.920,0.366,4.089,4.517
0.239,-0.193,0.917,-0.977,1.343,4.578
0.225,-0.186,0.911,2.563,2.258,0.793
0.268,-0.221,0.915,5.005,3.113,-2.502
0.297,-0.237,0.923,1.648,-3.052,-0.977
0.295,-0.236,0.926,0.488,-2.869,2.197
0.294,-0.240,0.930,3.174,4.211,4.089
0.307,-0.247,0.943,1.953,3.113,4.333
0.300,-0.243,0.946,-1.526,-2.930,4.578
0.281,-0.233,0.952,-0.183,-1.892,3.479
0.276,-0.228,0.953,3.967,2.197,1.282
0.263,-0.220,0.949,4.028,1.343,0.244
0.266,-0.226,0.950,1.343,-1.892,-1.587
0.277,-0.226,0.958,-0.305,-2.014,-0.793
0.273,-0.218,0.954,-2.136,0.977,1.221
0.267,-0.204,0.934,-1.343,2.502,0.610
0.270,-0.202,0.925,0.854,2.014,-2.075
0.288,-0.214,0.920,0.977,0.671,-2.686
0.294,-0.218,0.921,-0.366,-0.916,-0.671
0.287,-0.215,0.918,-0.183,-0.732,0.244
0.283,-0.212,0.920,2.258,0.671,-0.549
0.283,-0.210,0.930,3.052,0.854,-1.343
0.285,-0.211,0.930,2.380,-0.244,-1.709
0.278,-0.209,0.930,2.869,0.244,-1.465
0.285,-0.217,0.934,3.845,1.282,-1.709
0.303,-0.227,0.947,1.648,-0.854,-1.587
0.300,-0.224,0.944,-0.183,-1.770,-0.305
0.301,-0.221,0.939,0.671,2.197,0.671
0.302,-0.218,0.937,0.488,2.502,0.366
0.294,-0.214,0.932,-0.610,0.488,0.244
0.294,-0.223,0.935,0.366,1.404,0.122
0.303,-0.227,0.941,-1.160,1.038,1.343
0.285,-0.215,0.929,-2.625,0.671,2.625
0.268,-0.206,0.919,0.977,5.188,2.930
0.272,-0.208,0.925,2.808,5.798,1.648
0.282,-0.211,0.927,-1.038,-1.282,0.000
0.274,-0.204,0.916,-1.404,-2.502,0.061
0.263,-0.201,0.918,4.700,2.930,-0.977
0.276,-0.215,0.932,5.371,2.747,-2.991
0.294,-0.227,0.932,0.183,-4.028,-5.066
0.310,-0.239,0.931,-0.244,-3.357,-3.540
0.310,-0.241,0.931,2.563,3.967,0.488
0.313,-0.237,0.931,1.831,3.967,1.343
0.314,-0.234,0.928,-1.709,-0.488,1.709
0.301,-0.225,0.923,-0.732,0.610,2.136
0.293,-0.223,0.926,2.991,5.676,2.625
0.301,-0.228,0.937,1.892,4.395,2.258
0.302,-0.227,0.937,-3.113,-1.648,2.869
0.280,-0.213,0.933,-2.563,-0.488,3.601
0.265,-0.204,0.932,2.136,5.798,2.686
0.267,-0.210,0.935,2.747,5.859,0.671
0.282,-0.219,0.936,-2.014,-1.404,-0.977
0.297,-0.226,0.934,-3.296,-3.113,-0.366
0.299,-0.230,0.939,-0.732,0.488,0.122
0.306,-0.233,0.949,-0.793,0.854,0.244
0.308,-0.231,0.948,-3.296,-1.831,0.977
0.302,-0.223,0.938,-2.808,-0.732,1.160
0.300,-0.224,0.932,0.000,3.540,0.854
0.307,-0.223,0.922,-0.916,2.319,0.854
0.310,-0.221,0.916,-2.991,-0.793,1.160
0.310,-0.218,0.920,-3.052,-1.953,2.197
0.306,-0.214,0.924,-1.648,0.366,3.113
0.296,-0.210,0.923,-0.916,2.197,4.150
0.281,-0.207,0.920,-0.977,1.221,3.357
0.282,-0.210,0.924,-0.610,0.061,1.343
0.289,-0.215,0.930,-0.793,-0.061,1.099
0.292,-0.216,0.930,-1.587,-0.427,1.160
0.295,-0.215,0.933,-2.075,-0.488,1.404
0.293,-0.212,0.932,-2.563,0.671,1.953
0.289,-0.208,0.922,-2.197,1.343,1.648
0.291,-0.209,0.920,-1.282,0.793,0.366
0.303,-0.216,0.926,-1.282,-0.122,0.183
0.308,-0.217,0.929,-1.526,-0.366,1.282
0.301,-0.211,0.927,-1.038,0.488,1.770

0.267,0.891,1.545,15.320,-26.428,-1.038
0.125,1.131,1.578,30.945,-20.264,-18.433
0.094,1.154,1.526,40.771,-11.047,-35.645
0.093,1.089,1.343,63.416,3.052,-82.703
0.121,1.046,1.246,88.684,16.174,-128.906
0.118,0.858,1.034,98.511,22.461,-150.146
0.020,0.632,0.892,110.535,24.841,-194.702
-0.282,-0.032,0.522,114.197,22.766,-217.773
-0.349,-0.414,0.347,104.492,10.071,-236.816
-0.258,-1.121,0.172,81.665,-9.521,-212.646
-0.266,-1.414,0.116,32.104,-34.058,-111.328
-0.597,-1.958,-0.038,29.541,-8.484,-70.557
-0.773,-2.221,-0.088,64.453,84.351,-81.726
-0.521,-2.761,-0.086,78.491,107.056,-132.507
-0.014,-3.054,-0.037,78.186,47.241,-218.628
0.975,-3.296,0.232,61.951,2.991,-195.496
1.053,-3.092,0.367,-2.991,27.710,33.203
0.146,-2.297,0.288,-40.710,81.238,178.467
-0.449,-1.914,0.113,-103.088,128.052,307.007
-0.904,-1.238,-0.130,-126.648,91.736,273.743
-0.790,-0.924,-0.113,-155.579,-41.199,152.588
-0.346,-0.460,0.131,-150.146,-85.937,111.023
-0.158,-0.327,0.311,-99.426,-75.745,91.980
0.097,-0.120,0.665,-75.134,-40.100,107.544
0.170,0.029,0.793,-60.425,18.860,145.569
0.225,0.261,0.879,-65.125,25.879,150.879
0.205,0.297,0.852,-66.650,1.770,120.300
0.215,0.195,0.847,-53.955,-20.874,94.604
0.222,0.126,0.942,-10.925,-57.739,62.256
0.180,0.110,1.230,8.667,-57.556,56.396
0.141,0.156,1.354,19.897,-23.010,50.232
0.090,0.236,1.354,9.766,-4.761,46.143
0.097,0.277,1.264,-14.465,5.920,34.180
0.159,0.376,1.075,-19.775,3.357,29.053
0.190,0.408,1.019,-18.555,1.953,25.391
0.213,0.402,0.978,0.244,8.118,15.503
0.237,0.361,0.997,11.292,10.437,8.728
0.262,0.304,1.035,14.709,-1.648,2.319
0.280,0.197,1.108,8.057,-9.216,1.221
0.286,0.155,1.111,-1.038,-7.385,-3.906
0.302,0.088,1.078,1.770,-0.610,-7.019
0.297,0.060,1.066,8.667,7.996,-11.475
0.294,-0.024,1.026,6.470,6.409,-13.916
0.303,-0.070,1.002,-1.160,-1.099,-17.029
0.330,-0.138,0.974,-3.540,-1.709,-16.174
0.342,-0.162,0.956,-5.188,4.089,-12.756
0.357,-0.207,0.912,-5.127,7.568,-11.597
0.370,-0.222,0.897,-4.272,11.353,-9.827
0.403,-0.256,0.869,-4.395,10.925,-7.935
0.417,-0.271,0.861,-4.211,7.812,-3.845
0.446,-0.285,0.872,-3.357,6.165,-2.502
0.453,-0.278,0.887,-1.282,4.211,4.333
0.423,-0.242,0.928,-0.793,4.456,9.949
0.391,-0.221,0.943,-1.526,7.263,14.832
0.344,-0.185,0.943,-1.709,8.240,13.306
0.333,-0.179,0.944,0.305,5.981,6.775
0.337,-0.199,0.964,1.343,3.662,3.418
0.342,-0.213,0.970,1.526,0.854,0.488
0.351,-0.235,0.967,1.648,1.160,0.916
0.355,-0.242,0.957,2.930,1.831,2.502
0.360,-0.252,0.950,4.211,1.404,2.502
0.356,-0.249,0.956,5.310,-0.366,2.686
0.343,-0.243,0.957,4.333,-1.038,2.563
0.340,-0.240,0.953,3.052,-2.258,1.831
0.329,-0.234,0.946,2.869,-2.502,1.709
0.327,-0.236,0.940,2.808,-2.563,1.587
0.324,-0.233,0.929,3.052,-2.808,1.160
0.323,-0.233,0.922,3.235,-3.357,1.099
0.313,-0.227,0.911,3.601,-3.357,2.197
0.302,-0.224,0.908,4.761,-2.502,2.991
0.300,-0.228,0.914,5.676,-0.732,1.404
0.304,-0.229,0.918,3.540,-2.563,0.061
0.301,-0.231,0.920,0.244,-7.019,-1.343
0.299,-0.236,0.934,1.221,-5.798,-1.587
0.302,-0.234,0.937,2.563,-0.061,-0.305
0.285,-0.212,0.923,2.380,1.770,0.610
0.271,-0.205,0.913,3.357,3.052,-1.526
0.295,-0.214,0.905,2.991,1.160,-4.822
0.314,-0.221,0.905,0.122,-5.554,-7.629
0.312,-0.221,0.908,0.854,-4.578,-6.287
0.301,-0.220,0.910,5.676,3.479,-3.662
0.326,-0.239,0.924,6.226,3.662,-4.456
0.347,-0.250,0.931,0.000,-4.456,-4.822
0.356,-0.259,0.926,-1.587,-4.700,-3.235
0.354,-0.264,0.928,1.831,3.174,-0.305
0.362,-0.269,0.941,1.221,4.028,0.916
0.359,-0.266,0.940,-3.662,-0.488,3.967
0.341,-0.251,0.926,-4.089,-0.244,5.249
0.331,-0.242,0.921,-2.563,2.441,6.287
0.309,-0.226,0.913,-2.441,1.221,5.920
0.300,-0.224,0.912,-2.319,-2.136,3.479
0.295,-0.224,0.913,-1.953,-1.526,2.380
0.296,-0.225,0.910,-1.404,0.732,2.197
0.297,-0.226,0.906,-1.160,0.671,2.075
0.305,-0.232,0.906,-1.038,-3.357,0.549
0.315,-0.241,0.918,-0.610,-5.493,0.244
0.312,-0.240,0.925,1.343,-4.272,0.854
0.308,-0.235,0.935,1.648,-2.625,0.916
0.307,-0.229,0.931,-0.977,-2.380,0.732
0.306,-0.222,0.908,-1.587,-2.747,0.366
0.315,-0.226,0.903,0.427,-2.747,-0.977
0.329,-0.227,0.904,1.160,-3.235,-0.977
0.327,-0.226,0.904,1.892,-3.357,-0.549
0.328,-0.233,0.916,2.136,-2.563,-0.427
0.329,-0.234,0.926,0.366,-2.258,1.221
0.325,-0.234,0.930,-0.793,-1.709,2.014
0.326,-0.234,0.923,-1.404,-0.488,2.441
0.321,-0.228,0.917,-1.343,0.183,3.052
0.314,-0.227,0.919,-0.854,-0.366,2.930
0.318,-0.235,0.937,0.427,-0.488,1.709
0.319,-0.237,0.941,0.000,-0.305,2.075
0.315,-0.235,0.937,-2.563,0.244,3.845
0.299,-0.224,0.917,-2.808,0.732,3.784
0.296,-0.222,0.912,-1.465,0.793,2.075
0.295,-0.224,0.910,-1.099,0.122,1.221
0.296,-0.229,0.911,0.000,-0.488,0.000
0.312,-0.241,0.922,-0.366,-0.854,0.183
0.312,-0.239,0.921,-2.808,-1.465,2.319
0.299,-0.229,0.908,-1.953,0.000,2.747

0.392,0.855,1.429,17.273,-7.812,0.488
0.203,0.814,1.374,33.997,-9.705,-29.297
0.144,0.757,1.349,48.645,-10.498,-55.908
0.087,0.639,1.272,77.576,-10.742,-113.403
0.083,0.575,1.200,95.276,7.629,-153.503
0.076,0.456,1.008,99.854,19.592,-164.307
0.038,0.366,0.887,99.182,34.119,-178.040
-0.151,0.036,0.581,95.947,33.875,-185.791
-0.270,-0.214,0.424,92.285,18.799,-207.214
-0.299,-0.794,0.259,87.036,2.380,-210.388
-0.228,-1.023,0.253,51.636,-42.786,-163.513
-0.263,-1.477,0.210,29.663,-47.485,-122.925
-0.375,-1.748,0.180,9.094,-0.488,-64.697
-0.475,-2.353,0.137,6.531,22.339,-63.354
-0.319,-2.636,0.118,0.610,11.292,-105.469
0.315,-2.959,0.260,2.441,-10.803,-116.394
0.536,-2.962,0.382,-3.235,-14.038,-36.865
0.387,-2.482,0.496,-22.522,20.874,50.293
0.027,-2.153,0.396,-75.684,99.304,205.688
-0.587,-1.584,0.074,-97.168,107.300,229.187
-0.654,-1.333,-0.019,-114.014,49.316,182.739
-0.462,-0.937,0.037,-109.192,11.658,148.804
-0.320,-0.806,0.139,-86.426,-24.536,123.291
-0.132,-0.539,0.364,-75.623,-18.982,134.949
-0.074,-0.361,0.446,-56.519,20.508,172.546
0.005,-0.017,0.564,-46.875,34.912,184.265
0.023,0.117,0.622,-34.485,28.076,179.871
0.046,0.304,0.728,-32.349,10.437,165.466
0.106,0.419,0.812,-21.301,-32.776,130.676
0.238,0.740,1.128,-10.010,-49.500,118.591
0.239,0.854,1.302,4.150,-53.040,97.961
0.183,0.868,1.538,1.892,-41.077,80.200
0.186,0.795,1.541,-12.085,-12.695,31.738
0.295,0.579,1.380,-13.794,-3.113,15.442
0.333,0.475,1.317,-5.066,10.071,17.334
0.298,0.321,1.235,-1.404,16.418,24.780
0.274,0.264,1.199,-1.038,17.761,23.804
0.265,0.141,1.154,-3.723,10.010,15.076
0.300,0.060,1.136,-9.277,-3.906,-8.911
0.397,-0.084,1.099,-8.850,-4.456,-14.954
0.413,-0.131,1.074,-7.507,-0.427,-13.611
0.363,-0.114,0.968,-10.803,14.282,-1.221
0.326,-0.089,0.902,-13.000,18.372,1.343
0.310,-0.104,0.836,-7.446,13.184,-7.751
0.342,-0.131,0.845,-2.258,6.226,-15.076
0.408,-0.173,0.893,2.014,-2.991,-19.165
0.424,-0.184,0.898,1.343,-1.099,-15.381
0.433,-0.191,0.885,0.549,8.362,-8.484
0.447,-0.201,0.858,2.136,10.010,-7.202
0.455,-0.204,0.865,5.859,4.395,-5.371
0.453,-0.206,0.904,6.592,1.282,-3.967
0.439,-0.210,0.921,7.385,-0.488,-1.465
0.420,-0.222,0.949,6.409,-0.732,-1.038
0.405,-0.222,0.952,3.479,-1.709,0.610
0.365,-0.219,0.948,4.333,-0.061,1.221
0.366,-0.220,0.951,3.662,1.953,1.099
0.350,-0.200,0.944,0.671,0.000,2.197
0.322,-0.181,0.928,1.465,2.197,2.747
0.299,-0.171,0.910,5.066,5.615,0.244
0.314,-0.175,0.914,3.906,1.831,-4.456
0.309,-0.169,0.898,0.854,-2.747,-4.822
0.291,-0.162,0.885,5.798,-0.244,-6.409
0.304,-0.194,0.892,11.292,3.113,-9.216
0.350,-0.229,0.913,9.644,-3.113,-13.916
0.417,-0.273,0.928,4.639,-9.155,-13.306
0.429,-0.288,0.931,3.601,-7.507,-8.789
0.442,-0.302,0.953,4.700,-2.197,-5.554
0.434,-0.294,0.956,1.953,2.930,1.282
0.412,-0.276,0.947,0.061,2.197,2.808
0.405,-0.266,0.943,-2.258,-0.183,3.357
0.379,-0.248,0.947,-2.502,0.244,4.639
0.366,-0.240,0.948,-3.235,1.770,6.409
0.359,-0.229,0.930,-8.118,3.540,9.094
0.356,-0.219,0.913,-10.620,2.991,9.460
0.355,-0.210,0.894,-10.803,3.052,8.240
0.352,-0.196,0.871,-8.667,3.479,7.141
0.348,-0.191,0.869,-5.066,1.038,4.761
0.340,-0.187,0.876,-3.967,-1.831,3.418
0.335,-0.187,0.883,-2.258,-5.310,1.709
0.329,-0.189,0.895,-1.709,-4.761,1.404
0.327,-0.189,0.898,-1.160,-2.625,1.892
0.318,-0.184,0.905,-0.427,-2.197,1.709
0.313,-0.183,0.909,1.709,-1.892,-1.526
0.316,-0.188,0.917,2.319,-2.014,-3.540
0.323,-0.196,0.920,2.197,-2.014,-5.615
0.347,-0.212,0.920,1.892,-1.465,-5.859
0.361,-0.219,0.921,-0.244,-1.465,-5.493
0.378,-0.227,0.915,-1.648,-1.770,-5.066
0.380,-0.229,0.909,-0.793,0.732,-2.991
0.375,-0.221,0.903,0.000,2.258,-1.343
0.366,-0.215,0.898,0.366,2.075,0.732
0.354,-0.209,0.898,0.977,1.038,0.305
0.353,-0.208,0.906,1.038,-1.038,-0.427
0.347,-0.213,0.918,0.549,-1.099,-0.305
0.348,-0.216,0.920,-0.671,0.732,0.183
0.353,-0.211,0.909,-1.221,1.709,0.793
0.348,-0.205,0.901,-1.038,2.319,1.526
0.342,-0.201,0.897,-0.549,1.526,0.610
0.345,-0.202,0.904,-0.610,-1.770,-2.075
0.352,-0.210,0.909,-0.916,-2.136,-2.014
0.350,-0.214,0.907,0.610,1.587,-0.488
0.351,-0.214,0.907,0.854,2.625,-0.305
0.353,-0.214,0.907,-0.122,1.526,-0.549
0.352,-0.214,0.908,-1.221,-1.038,-1.221
0.352,-0.215,0.910,-0.366,0.122,-1.404
0.352,-0.215,0.910,0.671,2.747,-1.282
0.352,-0.212,0.906,0.854,2.380,-1.160
0.353,-0.212,0.911,-0.061,-0.183,-1.404
0.357,-0.216,0.916,-1.160,-0.854,-1.282
0.357,-0.217,0.915,-2.136,0.427,-0.183
0.354,-0.212,0.906,-1.770,1.831,0.183
0.356,-0.210,0.900,-0.183,3.174,-0.488
0.365,-0.209,0.893,0.061,2.014,-1.160
0.366,-0.210,0.895,0.000,-1.099,-1.770
0.364,-0.212,0.907,0.061,-1.709,-1.526
0.363,-0.214,0.913,0.061,-0.793,0.366
0.354,-0.211,0.919,0.061,0.122,1.160
0.351,-0.208,0.918,-0.183,1.038,0.732
0.352,-0.206,0.912,-0.244,0.610,0.061

-0.375,-2.451,0.147,29.114,19.470,-131.775
0.141,-2.714,0.554,45.654,-2.441,-176.208
0.445,-2.709,0.729,31.799,21.057,-122.314
0.539,-2.513,0.746,16.785,65.186,-41.809
0.293,-2.262,0.625,-36.621,147.461,138.916
-0.348,-1.694,0.289,-68.176,154.236,192.932
-0.580,-1.260,0.059,-112.305,95.154,196.533
-0.538,-1.081,0.050,-114.624,-1.465,144.470
-0.390,-0.876,0.173,-103.271,-31.921,124.756
-0.312,-0.833,0.256,-78.064,-33.691,117.554
-0.109,-0.644,0.425,-71.716,-15.442,131.287
-0.017,-0.503,0.490,-73.303,22.400,175.720
0.036,-0.104,0.540,-76.172,31.921,194.275
0.028,0.132,0.549,-65.308,32.104,191.040
0.086,0.508,0.629,-50.415,22.461,170.471
0.138,0.629,0.742,-14.282,-13.733,114.563
0.230,0.716,1.049,-1.831,-29.114,85.144
0.260,0.698,1.190,8.301,-40.100,43.030
0.290,0.563,1.375,10.010,-36.865,33.936
0.296,0.512,1.424,10.620,-29.297,30.457
0.260,0.447,1.391,9.888,-7.263,28.381
0.255,0.471,1.367,11.414,1.648,24.414
0.246,0.494,1.345,11.475,6.958,11.780
0.261,0.393,1.237,7.568,6.042,2.563
0.301,0.294,1.156,0.366,4.700,-10.986
0.393,0.115,1.011,-0.122,5.127,-11.230
0.418,0.055,0.958,5.432,8.240,-7.446
0.430,-0.045,0.911,9.094,9.521,-6.165
0.422,-0.074,0.908,8.789,3.601,-2.930
0.363,-0.100,0.905,6.714,-1.282,-1.038
0.331,-0.114,0.907,6.775,-2.319,-5.432
0.321,-0.152,0.898,8.240,0.793,-10.193
0.345,-0.184,0.894,9.827,3.479,-13.611
0.394,-0.223,0.898,6.592,1.282,-11.230
0.399,-0.231,0.883,0.732,-0.916,-5.554
0.409,-0.239,0.873,2.502,-0.244,-4.883
0.411,-0.239,0.884,6.409,-1.160,-3.357
0.401,-0.249,0.896,6.958,-1.770,-1.831
0.398,-0.256,0.898,6.226,-2.380,3.967
0.364,-0.234,0.899,5.493,-2.686,7.263
0.344,-0.221,0.903,7.019,-2.380,6.653
0.340,-0.215,0.921,8.179,-3.052,3.723
0.345,-0.219,0.934,8.972,-4.272,1.648
0.350,-0.225,0.967,8.667,-4.211,1.221
0.350,-0.221,0.974,6.653,-2.686,1.770
0.347,-0.214,0.967,3.967,0.610,2.625
0.341,-0.206,0.951,5.310,1.587,2.075
0.350,-0.211,0.958,6.409,-0.977,-1.770
0.360,-0.217,0.963,5.249,-3.784,-3.418
0.361,-0.223,0.963,5.127,-3.784,-3.784
0.366,-0.234,0.973,5.127,-1.282,-2.197
0.357,-0.228,0.969,2.502,2.563,1.404
0.354,-0.226,0.938,1.282,2.686,1.160
0.359,-0.227,0.928,-0.916,-0.671,0.000
0.354,-0.238,0.915,-1.038,-0.854,0.000
0.359,-0.247,0.915,-1.038,1.221,0.244
0.355,-0.251,0.908,-1.892,1.404,1.282
0.347,-0.252,0.898,-2.136,2.380,2.380
0.347,-0.251,0.884,-2.747,1.648,2.014
0.340,-0.246,0.877,-3.540,-3.296,1.526
0.320,-0.242,0.884,-1.709,-3.906,0.977
0.322,-0.242,0.896,1.099,-1.526,1.038
0.310,-0.232,0.899,0.793,-1.038,2.258
0.298,-0.226,0.893,1.648,-0.183,2.502
0.293,-0.225,0.902,2.441,-0.244,1.038
0.292,-0.224,0.909,2.563,-1.038,-0.427
0.301,-0.234,0.916,2.136,-1.892,-2.441
0.317,-0.240,0.922,2.014,-2.258,-3.113
0.329,-0.242,0.930,1.526,-2.502,-2.319
0.339,-0.238,0.937,1.038,-0.916,-1.343
0.342,-0.235,0.927,-0.793,2.686,-1.099
0.354,-0.233,0.904,-1.099,2.869,-1.465
0.361,-0.236,0.904,-0.671,1.526,-0.916
0.364,-0.232,0.911,-0.732,1.404,-0.061
0.361,-0.229,0.908,-0.732,1.892,0.916
0.368,-0.232,0.913,-0.732,0.977,0.854
0.370,-0.239,0.920,-1.770,-1.953,1.587
0.360,-0.248,0.936,-1.770,-1.892,2.625
0.349,-0.248,0.945,-1.282,0.854,4.150
0.334,-0.245,0.949,-1.465,2.258,4.395
0.334,-0.243,0.943,-3.723,2.747,3.784
0.334,-0.235,0.920,-5.493,2.014,3.723
0.329,-0.230,0.906,-5.310,2.502,3.601
0.328,-0.219,0.896,-4.028,3.113,3.235
0.326,-0.213,0.892,-3.601,2.075,2.930
0.318,-0.203,0.880,-3.235,1.221,2.441
0.317,-0.202,0.880,-2.441,0.427,1.465
0.316,-0.205,0.891,-0.061,-0.793,-0.366
0.318,-0.209,0.897,0.916,-0.977,-1.221
0.336,-0.225,0.909,1.587,-2.441,-3.174
0.346,-0.237,0.916,1.831,-3.845,-3.784
0.361,-0.253,0.930,1.953,-3.296,-3.174
0.362,-0.254,0.931,1.709,-2.319,-2.197
0.355,-0.244,0.923,0.366,-0.916,-0.488
0.351,-0.239,0.918,-0.427,-0.854,0.305
0.346,-0.232,0.915,-1.465,-0.549,1.465
0.337,-0.216,0.906,-1.648,-0.122,1.221
0.335,-0.210,0.901,-1.221,-0.549,0.000
0.333,-0.208,0.900,-0.732,-0.916,-0.671
0.336,-0.211,0.904,0.244,-0.427,-1.099
0.336,-0.215,0.909,0.305,0.366,-0.488
0.334,-0.212,0.909,-0.916,1.465,1.038
0.334,-0.208,0.902,-1.587,1.160,0.732
0.337,-0.210,0.901,-0.916,0.244,-1.099
0.344,-0.219,0.905,0.000,0.305,-1.465
0.346,-0.223,0.905,0.732,0.671,-1.038
0.349,-0.229,0.902,0.427,0.183,-0.671
0.348,-0.231,0.903,0.549,-0.183,0.305
0.345,-0.234,0.917,0.732,-0.061,0.916
0.340,-0.233,0.923,0.305,-0.610,1.038
0.339,-0.240,0.929,0.305,-0.793,0.366
0.340,-0.242,0.932,0.305,-0.183,0.000
0.334,-0.236,0.927,0.061,0.671,0.366
0.331,-0.231,0.918,-0.183,2.014,1.221
0.327,-0.226,0.908,-0.427,1.892,1.404
0.326,-0.225,0.905,-1.526,0.244,1.404
0.326,-0.224,0.902,-1.770,-0.732,1.038
0.327,-0.224,0.902,-1.465,-1.343,0.366
0.330,-0.226,0.910,0.427,-1.343,-1.038

0.599,0.978,1.527,4.333,-2.869,6.592
0.573,1.213,1.591,3.357,-5.676,20.142
0.311,1.688,1.619,4.272,0.122,29.846
0.136,1.805,1.534,17.334,25.208,13.123
-0.209,1.622,1.142,31.128,30.701,-22.888
-0.459,1.075,0.696,67.932,1.648,-134.949
-0.580,0.712,0.520,111.816,-52.368,-246.887
-0.638,-0.201,0.350,130.127,-69.946,-279.846
-0.626,-0.621,0.312,136.475,-79.834,-270.874
-0.654,-1.391,0.123,130.493,-64.270,-245.911
-0.747,-1.770,0.007,114.319,-21.545,-222.412
-0.901,-2.546,-0.142,104.614,-14.038,-245.422
-0.788,-2.952,-0.100,104.248,-59.204,-324.402
-0.053,-3.562,0.335,121.948,-87.097,-348.083
0.464,-3.581,0.574,159.363,-13.184,-263.672
1.075,-3.081,0.530,149.902,93.384,-132.935
0.842,-2.734,0.317,113.159,186.890,32.104
-0.401,-2.026,-0.028,-4.639,206.787,292.358
-0.880,-1.719,-0.170,-59.692,155.579,324.829
-1.112,-1.218,-0.320,-122.803,17.883,235.352
-1.008,-1.036,-0.276,-126.587,-42.786,171.082
-0.615,-0.759,0.013,-90.210,-86.365,93.140
-0.399,-0.616,0.184,-67.505,-71.716,90.637
-0.124,-0.307,0.482,-41.565,-21.790,132.507
-0.037,-0.175,0.604,-39.734,-2.258,158.325
0.085,0.138,0.838,-61.584,7.812,193.909
0.115,0.266,0.883,-76.843,11.047,195.068
0.237,0.381,0.895,-87.219,15.686,169.312
0.253,0.415,0.943,-79.956,3.357,155.273
0.266,0.455,1.044,-46.021,-26.306,123.901
0.360,0.603,1.396,-27.588,-34.241,108.337
0.336,0.629,1.542,-19.470,-32.654,88.318
0.242,0.533,1.571,-28.931,-20.508,72.632
0.241,0.448,1.450,-42.969,3.967,38.391
0.284,0.276,1.157,-37.048,9.094,29.297
0.286,0.228,1.082,-8.362,16.602,22.888
0.249,0.166,1.039,2.502,18.311,19.287
0.238,0.122,1.036,7.629,7.141,-0.061
0.288,-0.009,1.027,4.578,-2.991,-11.902
0.321,-0.081,1.019,-0.732,-15.442,-21.423
0.351,-0.180,1.000,0.305,-13.062,-18.738
0.353,-0.200,0.998,6.592,0.671,-12.268
0.363,-0.241,0.987,8.057,4.211,-12.695
0.384,-0.271,0.991,5.859,-2.258,-18.677
0.420,-0.314,1.011,3.235,-6.592,-20.020
0.423,-0.325,1.010,-1.648,-2.930,-13.916
0.407,-0.320,0.977,-4.456,3.113,-7.629
0.385,-0.299,0.946,-11.414,10.498,2.502
0.340,-0.261,0.873,-13.000,10.254,3.235
0.328,-0.254,0.854,-9.521,4.272,-3.235
0.333,-0.263,0.859,-6.531,0.183,-7.202
0.350,-0.285,0.875,-2.930,-5.493,-10.437
0.373,-0.315,0.925,-3.235,-5.432,-7.812
0.362,-0.311,0.938,-5.371,0.061,0.977
0.323,-0.295,0.934,-5.249,3.357,2.869
0.314,-0.286,0.926,-5.920,5.249,0.305
0.317,-0.265,0.895,-7.019,4.028,-1.404
0.322,-0.259,0.883,-7.385,2.563,-2.258
0.322,-0.252,0.894,-5.554,1.282,-0.854
0.315,-0.247,0.901,-4.578,2.441,0.732
0.310,-0.240,0.902,-5.188,5.127,1.831
0.301,-0.220,0.885,-5.859,5.127,0.854
0.302,-0.216,0.872,-4.395,5.859,-3.235
0.336,-0.228,0.856,-3.174,5.981,-5.249
0.349,-0.231,0.852,-2.197,4.578,-5.005
0.351,-0.239,0.839,-1.038,4.883,-3.967
0.358,-0.246,0.836,1.648,3.967,-5.066
0.372,-0.251,0.840,1.587,0.244,-5.981
0.364,-0.252,0.847,4.578,-4.089,-5.005
0.343,-0.264,0.880,8.240,-2.930,-4.211
0.347,-0.273,0.902,9.216,-3.784,-3.784
0.338,-0.273,0.925,6.287,-6.104,-2.563
0.320,-0.265,0.926,6.042,-3.357,0.427
0.282,-0.247,0.930,8.545,0.793,0.977
0.274,-0.250,0.933,11.230,2.319,-2.930
0.299,-0.265,0.952,9.033,-1.038,-5.920
0.311,-0.272,0.954,2.869,-4.211,-7.080
0.316,-0.283,0.934,2.808,-0.977,-5.920
0.319,-0.292,0.924,4.333,3.235,-5.249
0.357,-0.305,0.920,3.052,3.662,-6.897
0.372,-0.306,0.910,-1.526,0.061,-6.653
0.371,-0.305,0.882,-4.333,-0.488,-2.197
0.367,-0.303,0.881,-1.343,2.869,0.000
0.363,-0.295,0.887,1.892,3.845,1.831
0.345,-0.282,0.899,1.038,0.977,1.709
0.340,-0.280,0.905,0.122,-2.197,0.916
0.333,-0.281,0.920,0.488,-1.709,1.160
0.327,-0.281,0.927,-0.610,-1.770,2.197
0.322,-0.272,0.935,-1.770,-2.563,2.075
0.325,-0.265,0.933,-2.808,-2.625,2.380
0.328,-0.255,0.917,-2.930,-1.953,2.991
0.329,-0.256,0.905,-2.502,-2.869,2.319
0.336,-0.263,0.898,-1.892,-4.639,1.221
0.340,-0.270,0.898,-1.099,-5.676,0.244
0.345,-0.279,0.893,-1.038,-4.822,0.916
0.340,-0.277,0.887,-1.160,-4.639,2.869
0.319,-0.273,0.885,-0.488,-5.249,2.869
0.315,-0.275,0.891,1.587,-5.005,2.075
0.308,-0.279,0.903,2.014,-4.272,2.075
0.306,-0.283,0.905,1.404,-3.113,2.014
0.311,-0.287,0.906,0.122,-3.174,2.014
0.313,-0.290,0.899,-1.770,-2.197,2.930
0.310,-0.286,0.888,-1.221,-0.916,3.357
0.307,-0.281,0.890,-0.183,0.732,3.723
0.302,-0.273,0.892,-0.854,0.732,3.357
0.304,-0.271,0.890,-1.892,0.549,2.380
0.306,-0.270,0.890,-1.526,0.732,2.258
0.305,-0.270,0.893,-0.732,1.160,2.258
0.307,-0.268,0.899,0.549,1.465,1.404
0.309,-0.268,0.901,0.916,1.038,0.977
0.310,-0.271,0.905,0.916,-0.061,0.427
0.316,-0.279,0.915,0.549,-0.488,0.244
0.317,-0.280,0.917,0.671,-0.793,0.488
0.316,-0.282,0.923,0.854,-0.732,0.305
0.319,-0.282,0.926,-0.793,-1.831,-0.610
0.321,-0.280,0.918,-1.099,-1.892,-0.732
0.320,-0.280,0.912,0.610,0.732,-0.610
0.327,-0.279,0.901,0.610,0.854,-0.427
0.328,-0.275,0.896,-1.160,-2.197,0.549

0.467,1.042,1.399,35.889,2.075,-13.916
0.365,1.214,1.473,73.730,1.892,-29.419
0.148,1.296,1.523,90.576,0.977,-51.270
0.104,1.251,1.483,109.070,-5.310,-116.455
0.039,0.991,1.278,111.450,-10.193,-151.123
-0.160,0.445,0.920,107.300,-27.710,-216.675
-0.288,0.086,0.721,110.596,-45.532,-281.433
-0.328,-0.785,0.461,108.765,-56.885,-296.753
-0.238,-1.132,0.431,59.326,-100.525,-234.985
-0.343,-1.580,0.313,27.405,-97.961,-174.866
-0.496,-1.808,0.179,3.174,-1.587,-89.966
-0.763,-2.122,-0.076,4.211,43.335,-81.116
-0.749,-2.262,-0.126,17.029,39.124,-139.526
-0.287,-2.574,0.097,31.677,0.244,-184.998
0.081,-2.631,0.270,73.792,-12.085,-194.397
0.578,-2.502,0.356,87.402,41.443,-130.432
0.559,-2.370,0.304,62.256,142.578,79.468
-0.099,-2.048,0.259,22.400,138.428,176.147
-0.525,-1.891,0.216,-69.580,84.473,261.169
-0.915,-1.543,0.062,-100.159,59.570,248.108
-0.889,-1.358,0.021,-119.690,8.423,188.110
-0.604,-1.038,0.107,-116.150,-9.399,166.992
-0.414,-0.921,0.199,-103.027,-6.836,164.917
-0.117,-0.592,0.428,-96.619,14.282,183.838
-0.030,-0.366,0.531,-87.036,61.157,236.267
0.017,-0.002,0.627,-85.327,72.571,249.695
0.031,0.165,0.658,-75.256,57.983,227.112
0.080,0.460,0.789,-62.744,33.386,196.838
0.124,0.523,0.900,-47.119,5.859,160.522
0.174,0.498,1.003,-28.198,-36.316,95.520
0.310,0.425,1.153,-29.297,-44.983,76.599
0.332,0.413,1.153,-33.875,-31.189,72.998
0.254,0.519,1.087,-25.757,-12.390,74.036
0.202,0.617,1.084,6.897,21.484,48.401
0.150,0.640,1.069,18.127,21.912,23.682
0.173,0.573,1.075,23.254,-11.353,-24.292
0.271,0.354,1.090,21.301,-28.198,-36.987
0.314,0.250,1.099,23.010,-29.358,-38.452
0.385,0.090,1.105,26.978,-17.212,-33.325
0.418,0.024,1.092,27.588,1.770,-20.081
0.416,-0.065,1.039,24.109,2.686,-14.038
0.394,-0.092,1.010,21.912,-0.061,-11.536
0.373,-0.147,0.961,23.682,-0.427,-15.137
0.368,-0.182,0.942,28.564,0.305,-27.100
0.400,-0.272,0.920,28.442,-1.526,-32.837
0.429,-0.311,0.922,25.269,-5.798,-35.217
0.456,-0.369,0.921,14.771,-11.963,-27.100
0.459,-0.395,0.911,11.475,-8.911,-19.653
0.476,-0.428,0.875,10.315,3.235,-9.277
0.484,-0.437,0.851,10.803,5.554,-7.446
0.489,-0.438,0.839,12.817,-0.122,-6.958
0.501,-0.448,0.860,13.367,-4.150,-6.348
0.501,-0.453,0.884,9.644,-9.155,-1.038
0.470,-0.439,0.915,6.226,-9.705,3.418
0.436,-0.423,0.922,1.221,-7.812,11.230
0.364,-0.376,0.925,0.549,-6.104,13.184
0.334,-0.349,0.923,1.282,-3.052,13.184
0.286,-0.309,0.901,1.831,-2.014,10.254
0.288,-0.307,0.884,0.549,-4.639,1.221
0.325,-0.325,0.867,-0.732,-8.484,-1.343
0.340,-0.337,0.873,-0.244,-10.010,-0.305
0.349,-0.342,0.894,0.916,-7.019,1.953
0.342,-0.334,0.896,1.953,-0.916,4.761
0.330,-0.333,0.885,2.075,-0.244,4.211
0.335,-0.339,0.890,1.038,-5.188,1.038
0.329,-0.344,0.914,0.305,-7.202,-0.366
0.325,-0.348,0.916,0.793,-4.089,-2.869
0.344,-0.353,0.913,-0.549,-3.174,-3.113
0.343,-0.347,0.904,-5.615,-3.540,0.488
0.327,-0.342,0.865,-4.761,-1.099,2.136
0.335,-0.342,0.860,-0.610,1.526,1.587
0.340,-0.333,0.865,-1.282,-0.427,1.221
0.329,-0.323,0.857,-1.038,0.488,2.014
0.314,-0.315,0.840,1.953,3.357,1.343
0.321,-0.318,0.847,3.113,1.282,-2.136
0.322,-0.323,0.852,0.793,-2.197,-2.502
0.312,-0.319,0.839,3.357,0.610,-1.160
0.307,-0.325,0.823,7.080,4.211,-0.916
0.319,-0.337,0.829,6.836,-1.648,-2.869
0.329,-0.355,0.846,4.456,-7.874,-4.150
0.328,-0.361,0.860,4.639,-10.559,-4.883
0.329,-0.369,0.894,9.155,-5.432,-4.272
0.327,-0.373,0.899,8.545,-3.418,-2.869
0.324,-0.383,0.890,4.700,-4.150,-0.549
0.331,-0.389,0.893,4.944,-4.028,-0.854
0.341,-0.394,0.906,5.432,-4.333,-1.587
0.348,-0.392,0.927,3.357,-5.188,-0.610
0.336,-0.375,0.915,-0.977,-4.028,2.380
0.329,-0.363,0.904,-2.075,-2.686,3.662
0.322,-0.352,0.893,-3.540,-1.831,3.662
0.314,-0.340,0.867,-3.723,-2.258,2.380
0.313,-0.341,0.858,-1.343,-3.723,-0.122
0.313,-0.347,0.865,0.366,-4.333,-0.488
0.312,-0.351,0.875,1.160,-4.211,0.488
0.312,-0.356,0.891,0.427,-2.991,1.404
0.310,-0.354,0.894,-1.953,0.488,3.113
0.309,-0.353,0.886,-2.930,1.770,3.357
0.311,-0.350,0.885,-3.723,2.014,2.563
0.320,-0.343,0.881,-4.150,1.892,2.136
0.322,-0.338,0.876,-4.395,3.235,2.808
0.321,-0.329,0.870,-4.089,3.906,2.991
0.319,-0.328,0.869,-4.150,2.502,1.953
0.314,-0.332,0.864,-3.662,1.770,1.099
0.321,-0.338,0.868,-2.075,2.075,0.427
0.329,-0.343,0.870,-2.441,2.075,1.221
0.323,-0.341,0.864,-1.282,3.235,2.075
0.328,-0.350,0.864,-0.122,3.174,1.099
0.335,-0.353,0.869,-1.160,-0.366,0.183
0.330,-0.354,0.873,-1.282,-0.916,0.305
0.330,-0.354,0.875,0.610,0.793,0.610
0.331,-0.352,0.885,0.366,0.183,0.977
0.327,-0.349,0.885,-0.854,-1.038,1.648
0.313,-0.343,0.879,0.305,-0.122,1.282
0.315,-0.341,0.884,1.892,0.061,-0.610
0.320,-0.341,0.892,0.305,-1.526,-1.038
0.321,-0.344,0.888,-0.977,-1.709,-0.793
0.322,-0.347,0.891,-0.244,-0.305,-0.183
0.323,-0.346,0.895,-0.793,0.854,1.404
0.318,-0.342,0.888,-1.892,0.427,1.587

-0.965,-2.195,0.005,46.387,10.193,-116.089
-0.880,-2.472,0.130,65.125,41.565,-190.186
-0.277,-2.865,0.218,50.232,44.800,-214.722
0.177,-2.915,0.183,26.550,80.566,-175.598
0.891,-2.762,-0.004,19.287,118.958,-99.976
0.853,-2.560,-0.121,-19.165,166.077,102.600
0.059,-2.077,-0.280,-44.800,153.076,180.176
-0.591,-1.611,-0.310,-94.971,74.341,218.079
-0.699,-1.452,-0.321,-115.723,23.254,191.650
-0.617,-1.183,-0.221,-123.474,-62.622,132.385
-0.495,-1.025,-0.078,-106.445,-76.294,119.873
-0.254,-0.628,0.274,-61.890,-42.114,137.756
-0.156,-0.404,0.415,-46.509,-12.878,156.006
0.104,0.068,0.681,-33.875,19.104,173.889
0.192,0.274,0.794,-41.748,2.502,162.048
0.194,0.442,0.886,-39.551,-7.324,143.127
0.197,0.455,0.939,-26.367,-15.259,115.906
0.382,0.535,1.262,15.076,-40.894,56.885
0.466,0.586,1.512,29.968,-57.190,39.551
0.470,0.579,1.723,28.809,-55.847,27.954
0.425,0.399,1.787,14.404,-32.593,23.987
0.423,0.297,1.661,-12.878,9.338,26.428
0.368,0.183,1.359,-17.090,19.226,31.494
0.326,0.143,1.242,-8.728,22.888,28.992
0.261,0.082,1.122,-2.014,16.968,21.545
0.244,0.026,1.095,6.531,1.465,-0.244
0.292,-0.104,1.056,6.287,-4.150,-8.423
0.318,-0.166,1.023,-3.418,-10.864,-6.531
0.298,-0.200,0.934,-6.775,-8.057,-0.488
0.255,-0.194,0.890,-2.136,3.845,10.681
0.166,-0.176,0.848,2.930,6.714,10.742
0.143,-0.183,0.847,7.080,0.122,-1.892
0.182,-0.250,0.853,5.798,-6.165,-11.597
0.223,-0.287,0.855,5.554,-10.010,-23.804
0.278,-0.340,0.861,8.179,-5.371,-24.231
0.298,-0.369,0.862,11.230,7.385,-18.982
0.357,-0.429,0.863,8.057,8.789,-15.747
0.378,-0.455,0.854,-0.732,3.418,-12.268
0.405,-0.484,0.848,-1.343,1.282,-11.597
0.410,-0.484,0.861,2.869,2.747,-7.812
0.393,-0.470,0.904,4.211,5.188,-4.211
0.375,-0.454,0.927,-0.061,8.789,2.930
0.327,-0.402,0.935,-4.944,10.437,5.310
0.307,-0.376,0.915,-10.864,13.733,5.615
0.293,-0.346,0.889,-10.559,13.123,3.662
0.301,-0.340,0.888,-10.071,10.254,1.038
0.318,-0.337,0.885,-9.949,2.930,-2.075
0.322,-0.337,0.883,-8.789,1.892,-2.136
0.330,-0.342,0.871,-4.944,4.028,-1.831
0.335,-0.346,0.860,-3.418,4.211,-2.258
0.353,-0.371,0.852,-0.610,0.000,-3.906
0.364,-0.384,0.865,0.916,-3.113,-4.822
0.376,-0.398,0.887,1.770,-5.432,-3.601
0.373,-0.396,0.887,1.282,-4.395,-0.854
0.339,-0.381,0.872,0.916,-0.549,5.066
0.335,-0.376,0.867,1.160,0.244,5.127
0.339,-0.371,0.864,-1.770,-5.737,1.892
0.327,-0.361,0.852,-2.136,-7.446,2.136
0.304,-0.347,0.847,4.578,-0.061,4.822
0.270,-0.331,0.854,7.568,2.319,3.967
0.275,-0.331,0.866,2.502,-6.287,-1.160
0.285,-0.347,0.859,-0.977,-9.521,-2.014
0.290,-0.359,0.851,3.479,-2.075,-0.488
0.293,-0.372,0.868,7.385,1.648,0.183
0.301,-0.379,0.889,5.005,-1.282,-1.953
0.325,-0.391,0.903,-0.793,-4.272,-2.441
0.326,-0.394,0.891,-4.150,-0.854,0.671
0.322,-0.385,0.884,-1.343,2.625,2.258
0.319,-0.376,0.892,-0.793,1.648,2.686
0.304,-0.359,0.893,-2.319,0.183,2.441
0.302,-0.361,0.888,-1.892,2.441,2.625
0.322,-0.365,0.890,-2.258,3.174,2.930
0.331,-0.366,0.886,-7.324,1.770,5.127
0.353,-0.372,0.873,-9.338,1.831,7.385
0.360,-0.372,0.872,-11.902,2.197,13.062
0.356,-0.370,0.866,-13.000,2.075,14.038
0.350,-0.356,0.867,-12.878,2.258,13.550
0.335,-0.339,0.879,-8.728,2.563,12.756
0.325,-0.332,0.886,-7.568,2.136,13.306
0.295,-0.307,0.877,-7.568,2.258,12.512
0.279,-0.295,0.867,-5.920,3.357,10.498
0.269,-0.291,0.864,0.854,4.028,3.479
0.273,-0.294,0.875,2.136,1.709,-0.732
0.278,-0.301,0.875,1.831,-2.869,-7.568
0.304,-0.331,0.883,2.930,-2.136,-9.399
0.326,-0.348,0.890,2.930,0.244,-6.226
0.334,-0.359,0.887,1.221,0.977,-2.686
0.331,-0.361,0.875,0.427,2.747,-0.244
0.350,-0.365,0.867,0.854,2.197,-1.221
0.362,-0.365,0.865,-0.366,-1.587,-1.709
0.369,-0.360,0.863,-0.793,-2.441,-0.366
0.362,-0.356,0.862,0.549,-1.099,3.479
0.344,-0.345,0.867,1.404,-1.099,4.333
0.338,-0.345,0.871,1.892,-3.601,2.991
0.346,-0.357,0.887,1.892,-4.883,1.953
0.353,-0.363,0.896,0.061,-5.493,3.662
0.342,-0.363,0.901,-1.221,-4.578,5.859
0.328,-0.357,0.899,-2.197,-2.930,8.057
0.302,-0.340,0.897,-2.197,-2.991,7.446
0.292,-0.333,0.896,-1.526,-2.258,4.761
0.296,-0.332,0.892,-1.404,-1.160,3.906
0.298,-0.330,0.885,-3.052,-1.282,3.418
0.293,-0.322,0.875,-3.052,-1.099,2.808
0.291,-0.321,0.875,-1.221,1.038,0.916
0.290,-0.321,0.876,-0.549,1.709,-0.061
0.295,-0.323,0.873,-0.305,1.343,-2.563
0.316,-0.335,0.864,-0.183,0.793,-3.479
0.328,-0.342,0.865,0.061,0.610,-2.808
0.334,-0.342,0.865,-0.305,1.160,-1.709
0.330,-0.340,0.859,-0.549,1.587,-0.732
0.325,-0.339,0.860,0.549,1.343,-0.977
0.327,-0.340,0.867,2.747,1.282,-2.075
0.336,-0.345,0.872,2.991,1.404,-2.441
0.342,-0.346,0.873,2.258,0.916,-2.258
0.348,-0.348,0.876,1.404,0.427,-1.282
0.341,-0.347,0.878,1.282,0.732,0.732
0.326,-0.339,0.890,1.648,0.916,0.977
0.320,-0.335,0.895,0.793,0.427,0.488
0.318,-0.336,0.893,0.061,0.366,0.061

0.611,0.713,1.518,30.396,1.831,-6.775
0.546,0.937,1.612,46.143,13.611,4.395
0.370,1.325,1.699,51.453,21.423,7.080
0.320,1.472,1.700,55.908,21.851,-11.292
0.198,1.568,1.635,53.772,6.592,-67.566
-0.109,1.154,1.206,51.270,1.404,-104.309
-0.301,0.814,0.926,62.134,-10.559,-181.152
-0.654,-0.266,0.359,68.298,-18.005,-216.064
-0.728,-0.936,0.060,53.406,-52.612,-256.531
-0.817,-2.006,-0.455,44.983,-70.374,-254.578
-0.874,-2.370,-0.624,62.744,-58.411,-239.868
-0.968,-3.074,-0.649,85.937,-52.002,-249.817
-0.867,-3.439,-0.387,148.315,-94.238,-316.650
-0.018,-3.473,0.447,169.861,-106.873,-334.717
0.534,-3.169,0.638,135.254,26.367,-196.777
0.887,-2.461,0.281,76.294,115.906,-40.710
0.417,-2.191,0.017,-65.186,140.686,255.615
-0.785,-1.696,-0.287,-115.417,103.638,319.885
-1.086,-1.423,-0.351,-146.057,18.066,269.592
-1.009,-0.965,-0.321,-133.423,-23.560,202.515
-0.791,-0.882,-0.172,-88.257,-83.008,104.614
-0.382,-0.803,0.264,-72.876,-85.388,95.459
-0.226,-0.723,0.433,-62.683,-32.104,132.141
0.030,-0.445,0.664,-63.049,-1.892,160.217
0.054,-0.294,0.742,-77.515,21.301,193.481
0.069,-0.025,0.775,-84.290,23.193,187.927
0.085,0.068,0.763,-66.833,17.151,151.917
0.208,0.279,0.924,-45.593,8.728,130.676
0.251,0.333,1.073,-12.085,-16.907,96.497
0.249,0.373,1.375,-8.179,-27.344,83.801
0.237,0.424,1.510,-21.057,-25.696,72.754
0.189,0.540,1.571,-32.715,-9.155,68.909
0.175,0.560,1.467,-41.321,28.137,56.152
0.136,0.506,1.227,-35.583,31.128,50.476
0.105,0.457,1.159,-16.541,14.587,30.640
0.106,0.279,1.102,-8.423,3.601,14.038
0.148,0.163,1.105,-1.770,-12.329,-19.348
0.263,-0.043,1.127,-2.869,-14.221,-29.236
0.321,-0.137,1.116,-10.681,-8.301,-25.940
0.357,-0.242,1.046,-13.489,-0.977,-15.076
0.326,-0.262,0.989,-9.888,19.409,2.991
0.308,-0.315,0.862,-5.920,24.231,0.000
0.350,-0.355,0.825,0.244,5.066,-23.804
0.462,-0.445,0.861,1.892,-10.742,-30.823
0.488,-0.473,0.904,1.282,-19.226,-18.616
0.432,-0.460,0.931,0.671,-9.155,-5.310
0.381,-0.431,0.911,1.465,14.709,10.559
0.321,-0.369,0.861,1.343,15.503,9.521
0.311,-0.349,0.855,-1.221,-0.793,0.854
0.314,-0.334,0.880,-2.136,-6.531,-1.038
0.309,-0.328,0.888,-1.221,-2.869,0.977
0.289,-0.312,0.887,0.916,1.099,2.319
0.280,-0.308,0.896,2.808,2.380,2.258
0.279,-0.311,0.915,2.014,-0.732,-0.854
0.287,-0.319,0.917,0.671,-1.587,-2.258
0.296,-0.328,0.915,0.366,0.244,-2.869
0.307,-0.338,0.912,0.610,1.404,-2.563
0.311,-0.337,0.911,0.732,0.366,-2.686
0.318,-0.338,0.915,1.099,-0.916,-2.930
0.321,-0.342,0.922,1.038,-2.014,-2.197
0.315,-0.352,0.919,0.183,-1.404,-1.282
0.312,-0.354,0.909,-1.221,-0.427,0.366
0.301,-0.349,0.897,-1.404,-0.427,0.977
0.294,-0.346,0.895,-1.343,0.549,1.831
0.278,-0.337,0.893,-1.953,0.610,2.014
0.271,-0.336,0.888,-3.296,-0.488,0.488
0.281,-0.346,0.886,-3.601,-0.854,-0.549
0.286,-0.350,0.883,-3.906,-0.427,-0.793
0.292,-0.357,0.880,-2.991,0.488,-0.732
0.292,-0.356,0.885,-1.343,1.038,0.793
0.275,-0.348,0.892,-0.671,1.465,1.465
0.272,-0.344,0.892,0.122,2.075,0.122
0.275,-0.338,0.893,-0.183,0.916,-0.977
0.275,-0.338,0.900,-0.793,-0.732,-1.587
0.281,-0.332,0.912,-1.465,-0.183,-1.404
0.282,-0.326,0.910,-2.319,1.831,-0.488
0.280,-0.316,0.900,-2.197,2.869,-0.183
0.281,-0.314,0.890,-2.014,3.418,-1.160
0.292,-0.315,0.878,-1.404,2.747,-2.319
0.300,-0.322,0.883,-0.244,0.671,-3.662
0.319,-0.340,0.898,-0.793,-0.061,-3.174
0.319,-0.342,0.899,-2.502,0.488,-0.122
0.305,-0.336,0.891,-2.808,1.160,0.854
0.299,-0.334,0.887,-1.892,1.465,0.977
0.293,-0.330,0.885,-0.977,1.221,0.610
0.292,-0.329,0.884,0.183,0.427,0.000
0.288,-0.331,0.885,0.854,0.061,-0.244
0.291,-0.333,0.891,0.000,-2.136,-0.732
0.281,-0.332,0.892,-0.977,-2.930,-0.427
0.268,-0.329,0.892,2.075,0.488,-0.061
0.272,-0.332,0.911,3.113,1.770,-1.038
0.281,-0.337,0.913,-1.038,-1.038,-2.319
0.290,-0.350,0.894,-1.465,-0.793,-2.197
0.300,-0.352,0.896,0.061,1.953,-1.038
0.306,-0.345,0.890,-1.282,1.343,0.000
0.300,-0.338,0.877,-1.587,0.977,0.977
0.298,-0.330,0.880,0.122,1.587,0.549
0.297,-0.328,0.888,1.099,1.404,0.183
0.290,-0.330,0.894,1.221,0.305,0.244
0.294,-0.332,0.900,1.282,0.427,0.244
0.300,-0.336,0.906,-1.160,-0.549,1.343
0.298,-0.337,0.903,-2.197,-0.732,1.770
0.298,-0.336,0.902,-1.221,1.282,1.526
0.299,-0.335,0.901,-0.732,2.075,1.770
0.296,-0.335,0.896,-1.343,1.953,2.075
0.301,-0.332,0.889,-2.197,0.732,1.831
0.300,-0.333,0.886,-2.747,-0.793,2.747
0.292,-0.328,0.890,-1.892,-0.061,3.479
0.287,-0.323,0.890,-0.916,1.526,3.723
0.282,-0.321,0.886,-0.732,1.160,3.113
0.284,-0.323,0.889,-0.671,-0.610,1.648
0.292,-0.328,0.893,-0.977,-1.221,1.160
0.294,-0.330,0.893,-0.488,-1.160,0.732
0.299,-0.333,0.902,0.122,-0.427,0.916
0.300,-0.335,0.905,0.244,0.488,1.648
0.297,-0.338,0.910,-0.427,0.061,1.648
0.296,-0.339,0.912,-1.770,-0.793,0.793
0.295,-0.340,0.909,-2.014,-0.488,0.671
0.295,-0.339,0.905,-2.075,1.343,1.404

